{"cameraMode":{"drawMode":0,"name":"Shaded","section":"Shading Mode"},"sceneLighting":true,"audioPlay":false,"sceneViewState":{"m_AlwaysRefresh":true,"showFog":true,"showSkybox":true,"showFlares":true,"showImageEffects":true,"showParticleSystems":true,"showVisualEffectGraphs":true,"m_FxEnabled":true},"in2DMode":false,"pivot":{"x":0.07236985862255097,"y":1.0706287622451783,"z":0.7145724296569824},"rotation":{"x":0.23432490229606629,"y":0.6672275066375732,"z":-0.23439212143421174,"w":0.6671053171157837},"size":27.40247344970703,"orthographic":false}