{"cameraMode":{"drawMode":0,"name":"Shaded","section":"Shading Mode"},"sceneLighting":false,"audioPlay":false,"sceneViewState":{"m_AlwaysRefresh":true,"showFog":true,"showSkybox":false,"showFlares":true,"showImageEffects":true,"showParticleSystems":true,"showVisualEffectGraphs":true,"m_FxEnabled":true},"in2DMode":false,"pivot":{"x":-0.0063400790095329288,"y":1.0551795959472657,"z":-0.14310450851917268},"rotation":{"x":-0.3319660425186157,"y":0.11010854691267014,"z":-0.0390629917383194,"w":-0.9360508918762207},"size":1.6073063611984254,"orthographic":false}